{"point_uuid": "3", "field_of_view_rads": 1.5707963267948966, "point_location": [2.438339948654175, -6.504299640655518, -0.404804527759552], "skybox_img_path": "./img/high/0001_skybox3.jpg", "resolution": 512, "obliqueness_angle": 1.1127599477767944, "fixated": false, "point_normal": [0.9970881938934326, 0.07601514458656311, 0.006081817671656609], "camera_distance": 5.120910549596887, "skybox_img": 3, "camera_rotation_final": [1.4759371335128104, 0.02233175409453092, 2.738128531931197], "view_id": 21, "camera_location": [4.345921516418457, -1.7721909284591675, 0.033381056040525436], "point_pitch": -0.056953712305750415, "camera_rotation_original": [1.4759371335128104, 0.02233175409453092, 2.738128531931197], "camera_uuid": "0021", "camera_rotation_final_quaternion": [0.15558911859989166, 0.12670229375362396, 0.6607570052146912, 0.7232832908630371], "line_of_sight": true, "camera_rotation_from_original_to_final": [0, 0, 0]}