{"point_uuid": "3", "field_of_view_rads": 1.5707963267948966, "point_location": [2.438339948654175, -6.504299640655518, -0.404804527759552], "skybox_img_path": "./img/high/0005_skybox1.jpg", "resolution": 512, "obliqueness_angle": 1.079332947731018, "fixated": false, "point_normal": [0.9970881938934326, 0.07601514458656311, 0.006081817671656609], "camera_distance": 3.6171876287357314, "skybox_img": 1, "camera_rotation_final": [1.4866809748381888, 0.030096761036298547, 2.7324553313348194], "view_id": 41, "camera_location": [3.897263288497925, -3.2121949195861816, -0.061824265867471695], "point_pitch": -0.03366832335921721, "camera_rotation_original": [1.4866809748381888, 0.030096761036298547, 2.7324553313348194], "camera_uuid": "0041", "camera_rotation_final_quaternion": [0.15951204299926758, 0.12661553919315338, 0.664815366268158, 0.7187106609344482], "line_of_sight": true, "camera_rotation_from_original_to_final": [0, 0, 0]}