{"point_uuid": "3", "field_of_view_rads": 1.5707963267948966, "point_location": [2.438339948654175, -6.504299640655518, -0.404804527759552], "skybox_img_path": "./img/high/0001_skybox3.jpg", "resolution": 512, "obliqueness_angle": 1.1510224342346191, "fixated": false, "point_normal": [0.9970881938934326, 0.07601514458656311, 0.006081817671656609], "camera_distance": 6.51575438053104, "skybox_img": 3, "camera_rotation_final": [1.5017434127187097, 0.007438364951609655, 2.7869715144270866], "view_id": 7, "camera_location": [4.632421970367432, -0.38328441977500916, 0.012606455013155937], "point_pitch": -0.056953712305750415, "camera_rotation_original": [1.5017434127187097, 0.007438364951609655, 2.7869715144270866], "camera_uuid": "0007", "camera_rotation_final_quaternion": [0.1314494013786316, 0.1176646277308464, 0.6720542907714844, 0.7191794514656067], "line_of_sight": true, "camera_rotation_from_original_to_final": [0, 0, 0]}