{"point_uuid": "3", "field_of_view_rads": 1.5707963267948966, "point_location": [2.438339948654175, -6.504299640655518, -0.404804527759552], "skybox_img_path": "./img/high/0005_skybox1.jpg", "resolution": 512, "obliqueness_angle": 1.05299973487854, "fixated": true, "point_normal": [0.9970881938934326, 0.07601514458656311, 0.006081817671656609], "camera_distance": 3.8411119002659135, "skybox_img": 1, "camera_rotation_final": [1.451339602470398, 0.03501366823911667, -3.590759038925171], "view_id": 34, "camera_location": [4.079885482788086, -3.061889886856079, 0.052671756595373154], "point_pitch": -0.03366832335921721, "camera_rotation_original": [1.5707963705062866, 0.09264244884252548, -2.40653395652771], "camera_uuid": "0034", "camera_rotation_final_quaternion": [-0.17789220809936523, -0.1350027173757553, -0.649787962436676, -0.726570188999176], "line_of_sight": true, "camera_rotation_from_original_to_final": [0.05056259408593178, 0.12241363525390625, -1.1734939813613892]}