{"point_uuid": "3", "field_of_view_rads": 1.5707963267948966, "point_location": [2.438339948654175, -6.504299640655518, -0.404804527759552], "skybox_img_path": "./img/high/0005_skybox1.jpg", "resolution": 512, "obliqueness_angle": 1.0565495491027832, "fixated": false, "point_normal": [0.9970881938934326, 0.07601514458656311, 0.006081817671656609], "camera_distance": 3.808818894602938, "skybox_img": 1, "camera_rotation_final": [1.4564003614913335, 0.03439792626065041, 2.6981553796792572], "view_id": 35, "camera_location": [4.053796768188477, -3.083362102508545, 0.036315180361270905], "point_pitch": -0.03366832335921721, "camera_rotation_original": [1.4564003614913335, 0.03439792626065041, 2.6981553796792572], "camera_uuid": "0035", "camera_rotation_final_quaternion": [0.17527373135089874, 0.1338101625442505, 0.6519626379013062, 0.7254782319068909], "line_of_sight": true, "camera_rotation_from_original_to_final": [0, 0, 0]}