{"point_uuid": "3", "field_of_view_rads": 1.5707963267948966, "point_location": [2.438339948654175, -6.504299640655518, -0.404804527759552], "skybox_img_path": "./img/high/0001_skybox3.jpg", "resolution": 512, "obliqueness_angle": 1.089292287826538, "fixated": false, "point_normal": [0.9970881938934326, 0.07601514458656311, 0.006081817671656609], "camera_distance": 4.527584102461385, "skybox_img": 3, "camera_rotation_final": [1.46465766424781, 0.02832452763590143, 2.7170760514333896], "view_id": 27, "camera_location": [4.223135471343994, -2.367436647415161, 0.04228445515036583], "point_pitch": -0.056953712305750415, "camera_rotation_original": [1.46465766424781, 0.02832452763590143, 2.7170760514333896], "camera_uuid": "0027", "camera_rotation_final_quaternion": [0.16589725017547607, 0.13054457306861877, 0.6557511687278748, 0.7248631715774536], "line_of_sight": true, "camera_rotation_from_original_to_final": [0, 0, 0]}