{"point_uuid": "3", "field_of_view_rads": 1.5707963267948966, "point_location": [2.438339948654175, -6.504299640655518, -0.404804527759552], "skybox_img_path": "./img/high/0001_skybox3.jpg", "resolution": 512, "obliqueness_angle": 1.1488354206085205, "fixated": false, "point_normal": [0.9970881938934326, 0.07601514458656311, 0.006081817671656609], "camera_distance": 6.415781751344531, "skybox_img": 3, "camera_rotation_final": [1.4999246612017352, 0.00854375877281921, 2.783495890086661], "view_id": 8, "camera_location": [4.611957550048828, -0.482492059469223, 0.014090355485677719], "point_pitch": -0.056953712305750415, "camera_rotation_original": [1.4999246612017352, 0.00854375877281921, 2.783495890086661], "camera_uuid": "0008", "camera_rotation_final_quaternion": [0.13317742943763733, 0.11831342428922653, 0.6712652444839478, 0.7194919586181641], "line_of_sight": true, "camera_rotation_from_original_to_final": [0, 0, 0]}