{"point_uuid": "3", "field_of_view_rads": 1.5707963267948966, "point_location": [2.438339948654175, -6.504299640655518, -0.404804527759552], "skybox_img_path": "./img/high/0001_skybox3.jpg", "resolution": 512, "obliqueness_angle": 1.1418503522872925, "fixated": false, "point_normal": [0.9970881938934326, 0.07601514458656311, 0.006081817671656609], "camera_distance": 6.116126911256744, "skybox_img": 3, "camera_rotation_final": [1.4944453812135712, 0.011821894559620683, 2.7730567927247165], "view_id": 11, "camera_location": [4.550564765930176, -0.7801148891448975, 0.018542055040597916], "point_pitch": -0.056953712305750415, "camera_rotation_original": [1.4944453812135712, 0.011821894559620683, 2.7730567927247165], "camera_uuid": "0011", "camera_rotation_final_quaternion": [0.1383581906557083, 0.12025686353445053, 0.6688815355300903, 0.7204115390777588], "line_of_sight": true, "camera_rotation_from_original_to_final": [0, 0, 0]}