{"point_uuid": "3", "field_of_view_rads": 1.5707963267948966, "point_location": [2.438339948654175, -6.504299640655518, -0.404804527759552], "skybox_img_path": "./img/high/0001_skybox3.jpg", "resolution": 512, "obliqueness_angle": 1.1092276573181152, "fixated": false, "point_normal": [0.9970881938934326, 0.07601514458656311, 0.006081817671656609], "camera_distance": 5.021781964499581, "skybox_img": 3, "camera_rotation_final": [1.4740661374592654, 0.02334700816468338, 2.734624712503317], "view_id": 22, "camera_location": [4.3254570960998535, -1.8713985681533813, 0.03486495465040207], "point_pitch": -0.056953712305750415, "camera_rotation_original": [1.4740661374592654, 0.02334700816468338, 2.734624712503317], "camera_uuid": "0022", "camera_rotation_final_quaternion": [0.15730878710746765, 0.12734399735927582, 0.6599295139312744, 0.7235540747642517], "line_of_sight": true, "camera_rotation_from_original_to_final": [0, 0, 0]}