{"point_uuid": "3", "field_of_view_rads": 1.5707963267948966, "point_location": [2.438339948654175, -6.504299640655518, -0.404804527759552], "skybox_img_path": "./img/high/0001_skybox3.jpg", "resolution": 512, "obliqueness_angle": 1.1314135789871216, "fixated": false, "point_normal": [0.9970881938934326, 0.07601514458656311, 0.006081817671656609], "camera_distance": 5.717287715670532, "skybox_img": 3, "camera_rotation_final": [1.487086614210489, 0.016103338062821937, 2.759109606406436], "view_id": 15, "camera_location": [4.468707084655762, -1.1769453287124634, 0.024477655068039894], "point_pitch": -0.056953712305750415, "camera_rotation_original": [1.487086614210489, 0.016103338062821937, 2.759109606406436], "camera_uuid": "0015", "camera_rotation_final_quaternion": [0.14525781571865082, 0.12284115701913834, 0.6656647324562073, 0.7215959429740906], "line_of_sight": true, "camera_rotation_from_original_to_final": [0, 0, 0]}