{"point_uuid": "3", "field_of_view_rads": 1.5707963267948966, "point_location": [2.438339948654175, -6.504299640655518, -0.404804527759552], "skybox_img_path": "./img/high/0001_skybox3.jpg", "resolution": 512, "obliqueness_angle": 1.10173499584198, "fixated": false, "point_normal": [0.9970881938934326, 0.07601514458656311, 0.006081817671656609], "camera_distance": 4.82379580045251, "skybox_img": 3, "camera_rotation_final": [1.4703133886268995, 0.025357814216390606, 2.7276111435952943], "view_id": 24, "camera_location": [4.284528732299805, -2.0698137283325195, 0.03783275559544563], "point_pitch": -0.056953712305750415, "camera_rotation_original": [1.4703133886268995, 0.025357814216390606, 2.7276111435952943], "camera_uuid": "0024", "camera_rotation_final_quaternion": [0.16074617207050323, 0.12862582504749298, 0.6582663655281067, 0.7240866422653198], "line_of_sight": true, "camera_rotation_from_original_to_final": [0, 0, 0]}