{"point_uuid": "3", "field_of_view_rads": 1.5707963267948966, "point_location": [2.438339948654175, -6.504299640655518, -0.404804527759552], "skybox_img_path": "./img/high/0001_skybox3.jpg", "resolution": 512, "obliqueness_angle": 1.1161601543426514, "fixated": false, "point_normal": [0.9970881938934326, 0.07601514458656311, 0.006081817671656609], "camera_distance": 5.22012294766543, "skybox_img": 3, "camera_rotation_final": [1.4778045184288253, 0.02130995419817472, 2.7416303673816236], "view_id": 20, "camera_location": [4.3663859367370605, -1.6729834079742432, 0.031897153705358505], "point_pitch": -0.056953712305750415, "camera_rotation_original": [1.4778045184288253, 0.02130995419817472, 2.7416303673816236], "camera_uuid": "0020", "camera_rotation_final_quaternion": [0.15386877954006195, 0.12606003880500793, 0.661581814289093, 0.7230095267295837], "line_of_sight": true, "camera_rotation_from_original_to_final": [0, 0, 0]}