{"point_uuid": "3", "field_of_view_rads": 1.5707963267948966, "point_location": [2.438339948654175, -6.504299640655518, -0.404804527759552], "skybox_img_path": "./img/high/0001_skybox3.jpg", "resolution": 512, "obliqueness_angle": 1.093613624572754, "fixated": false, "point_normal": [0.9970881938934326, 0.07601514458656311, 0.006081817671656609], "camera_distance": 4.626210244452967, "skybox_img": 3, "camera_rotation_final": [1.4665464264889616, 0.02734224383682604, 2.720589706048901], "view_id": 26, "camera_location": [4.243599891662598, -2.2682290077209473, 0.0408005565404892], "point_pitch": -0.056953712305750415, "camera_rotation_original": [1.4665464264889616, 0.02734224383682604, 2.720589706048901], "camera_uuid": "0026", "camera_rotation_final_quaternion": [0.1641809195280075, 0.12990553677082062, 0.6565922498703003, 0.7246073484420776], "line_of_sight": true, "camera_rotation_from_original_to_final": [0, 0, 0]}