{"point_uuid": "3", "field_of_view_rads": 1.5707963267948966, "point_location": [2.438339948654175, -6.504299640655518, -0.404804527759552], "skybox_img_path": "./img/high/0001_skybox3.jpg", "resolution": 512, "obliqueness_angle": 1.139369249343872, "fixated": false, "point_normal": [0.9970881938934326, 0.07601514458656311, 0.006081817671656609], "camera_distance": 6.016336929007132, "skybox_img": 3, "camera_rotation_final": [1.492611338552168, 0.012901868107717318, 2.7695730303417623], "view_id": 12, "camera_location": [4.530100345611572, -0.8793225288391113, 0.020025955513119698], "point_pitch": -0.056953712305750415, "camera_rotation_original": [1.492611338552168, 0.012901868107717318, 2.7695730303417623], "camera_uuid": "0012", "camera_rotation_final_quaternion": [0.14008396863937378, 0.12090368568897247, 0.6680814623832703, 0.7207121253013611], "line_of_sight": true, "camera_rotation_from_original_to_final": [0, 0, 0]}