{"point_uuid": "3", "field_of_view_rads": 1.5707963267948966, "point_location": [2.438339948654175, -6.504299640655518, -0.404804527759552], "skybox_img_path": "./img/high/0001_skybox3.jpg", "resolution": 512, "obliqueness_angle": 1.1552033424377441, "fixated": false, "point_normal": [0.9970881938934326, 0.07601514458656311, 0.006081817671656609], "camera_distance": 6.715819690122433, "skybox_img": 3, "camera_rotation_final": [1.5053692977694275, 0.005208656773469045, 2.793916631941721], "view_id": 5, "camera_location": [4.6733503341674805, -0.18486922979354858, 0.009638654999434948], "point_pitch": -0.056953712305750415, "camera_rotation_original": [1.5053692977694275, 0.005208656773469045, 2.793916631941721], "camera_uuid": "0005", "camera_rotation_final_quaternion": [0.12799173593521118, 0.11636558920145035, 0.6736240386962891, 0.71854567527771], "line_of_sight": true, "camera_rotation_from_original_to_final": [0, 0, 0]}