{"point_uuid": "3", "field_of_view_rads": 1.5707963267948966, "point_location": [2.438339948654175, -6.504299640655518, -0.404804527759552], "skybox_img_path": "./img/high/0001_skybox3.jpg", "resolution": 512, "obliqueness_angle": 1.0589386224746704, "fixated": false, "point_normal": [0.9970881938934326, 0.07601514458656311, 0.006081817671656609], "camera_distance": 3.9386875730741, "skybox_img": 3, "camera_rotation_final": [1.4532524051743305, 0.034078204784893096, 2.6959534254328483], "view_id": 33, "camera_location": [4.1003499031066895, -2.9626822471618652, 0.05118785426020622], "point_pitch": -0.056953712305750415, "camera_rotation_original": [1.4532524051743305, 0.034078204784893096, 2.6959534254328483], "camera_uuid": "0033", "camera_rotation_final_quaternion": [0.17618079483509064, 0.13436751067638397, 0.6506479382514954, 0.7263352870941162], "line_of_sight": true, "camera_rotation_from_original_to_final": [0, 0, 0]}