{"point_uuid": "3", "field_of_view_rads": 1.5707963267948966, "point_location": [2.438339948654175, -6.504299640655518, -0.404804527759552], "skybox_img_path": "./img/high/0005_skybox1.jpg", "resolution": 512, "obliqueness_angle": 1.0917587280273438, "fixated": false, "point_normal": [0.9970881938934326, 0.07601514458656311, 0.006081817671656609], "camera_distance": 3.52286360141613, "skybox_img": 1, "camera_rotation_final": [1.5017599542888507, 0.02755809033753387, 2.7495507820743508], "view_id": 44, "camera_location": [3.8189966678619385, -3.276611328125, -0.11089397966861725], "point_pitch": -0.03366832335921721, "camera_rotation_original": [1.5017599542888507, 0.02755809033753387, 2.7495507820743508], "camera_uuid": "0044", "camera_rotation_final_quaternion": [0.15160004794597626, 0.12299368530511856, 0.6711146831512451, 0.7151888608932495], "line_of_sight": true, "camera_rotation_from_original_to_final": [0, 0, 0]}