{"point_uuid": "3", "field_of_view_rads": 1.5707963267948966, "point_location": [2.438339948654175, -6.504299640655518, -0.404804527759552], "skybox_img_path": "./img/high/0001_skybox3.jpg", "resolution": 512, "obliqueness_angle": 1.1285759210586548, "fixated": false, "point_normal": [0.9970881938934326, 0.07601514458656311, 0.006081817671656609], "camera_distance": 5.617720843900726, "skybox_img": 3, "camera_rotation_final": [1.4852375679957104, 0.01715762215092087, 2.7556177665515587], "view_id": 16, "camera_location": [4.448243141174316, -1.2761529684066772, 0.025961555540561676], "point_pitch": -0.056953712305750415, "camera_rotation_original": [1.4852375679957104, 0.01715762215092087, 2.7556177665515587], "camera_uuid": "0016", "camera_rotation_final_quaternion": [0.1469811648130417, 0.12348589301109314, 0.6648536324501038, 0.7218846678733826], "line_of_sight": true, "camera_rotation_from_original_to_final": [0, 0, 0]}