{"point_uuid": "3", "field_of_view_rads": 1.5707963267948966, "point_location": [2.438339948654175, -6.504299640655518, -0.404804527759552], "skybox_img_path": "./img/high/0001_skybox3.jpg", "resolution": 512, "obliqueness_angle": 1.0699946880340576, "fixated": false, "point_normal": [0.9970881938934326, 0.07601514458656311, 0.006081817671656609], "camera_distance": 4.134377177952246, "skybox_img": 3, "camera_rotation_final": [1.4570678693334813, 0.03218708799976033, 2.703002008243754], "view_id": 31, "camera_location": [4.141278266906738, -2.7642669677734375, 0.04822005704045296], "point_pitch": -0.056953712305750415, "camera_rotation_original": [1.4570678693334813, 0.03218708799976033, 2.703002008243754], "camera_uuid": "0031", "camera_rotation_final_quaternion": [0.17275579273700714, 0.133095383644104, 0.6523597836494446, 0.725856602191925], "line_of_sight": true, "camera_rotation_from_original_to_final": [0, 0, 0]}