{"point_uuid": "3", "field_of_view_rads": 1.5707963267948966, "point_location": [2.438339948654175, -6.504299640655518, -0.404804527759552], "skybox_img_path": "./img/high/0001_skybox3.jpg", "resolution": 512, "obliqueness_angle": 1.1194355487823486, "fixated": false, "point_normal": [0.9970881938934326, 0.07601514458656311, 0.006081817671656609], "camera_distance": 5.319414600780237, "skybox_img": 3, "camera_rotation_final": [1.4796682731829758, 0.020281624714654, 2.745130213588885], "view_id": 19, "camera_location": [4.386849880218506, -1.5737757682800293, 0.030413255095481873], "point_pitch": -0.056953712305750415, "camera_rotation_original": [1.4796682731829758, 0.020281624714654, 2.745130213588885], "camera_uuid": "0019", "camera_rotation_final_quaternion": [0.15214776992797852, 0.12541724741458893, 0.6624038815498352, 0.7227327823638916], "line_of_sight": true, "camera_rotation_from_original_to_final": [0, 0, 0]}