{"point_uuid": "3", "field_of_view_rads": 1.5707963267948966, "point_location": [2.438339948654175, -6.504299640655518, -0.404804527759552], "skybox_img_path": "./img/high/0001_skybox3.jpg", "resolution": 512, "obliqueness_angle": 1.122592568397522, "fixated": false, "point_normal": [0.9970881938934326, 0.07601514458656311, 0.006081817671656609], "camera_distance": 5.4187804688737735, "skybox_img": 3, "camera_rotation_final": [1.4815283788686733, 0.019246781951286485, 2.748628065450987], "view_id": 18, "camera_location": [4.407314300537109, -1.474568247795105, 0.02892935648560524], "point_pitch": -0.056953712305750415, "camera_rotation_original": [1.4815283788686733, 0.019246781951286485, 2.748628065450987], "camera_uuid": "0018", "camera_rotation_final_quaternion": [0.15042619407176971, 0.12477397918701172, 0.6632232069969177, 0.7224530577659607], "line_of_sight": true, "camera_rotation_from_original_to_final": [0, 0, 0]}