{"point_uuid": "3", "field_of_view_rads": 1.5707963267948966, "point_location": [2.438339948654175, -6.504299640655518, -0.404804527759552], "skybox_img_path": "./img/high/0001_skybox3.jpg", "resolution": 512, "obliqueness_angle": 1.1341551542282104, "fixated": false, "point_normal": [0.9970881938934326, 0.07601514458656311, 0.006081817671656609], "camera_distance": 5.8169144984164936, "skybox_img": 3, "camera_rotation_final": [1.488931936903166, 0.015042606591097796, 2.7625994331493233], "view_id": 14, "camera_location": [4.489171504974365, -1.0777376890182495, 0.022993754595518112], "point_pitch": -0.056953712305750415, "camera_rotation_original": [1.488931936903166, 0.015042606591097796, 2.7625994331493233], "camera_uuid": "0014", "camera_rotation_final_quaternion": [0.14353375136852264, 0.1221957877278328, 0.6664730310440063, 0.7213043570518494], "line_of_sight": true, "camera_rotation_from_original_to_final": [0, 0, 0]}