{"point_uuid": "3", "field_of_view_rads": 1.5707963267948966, "point_location": [2.438339948654175, -6.504299640655518, -0.404804527759552], "skybox_img_path": "./img/high/0001_skybox3.jpg", "resolution": 512, "obliqueness_angle": 1.1628659963607788, "fixated": false, "point_normal": [0.9970881938934326, 0.07601514458656311, 0.006081817671656609], "camera_distance": 7.116383628587306, "skybox_img": 3, "camera_rotation_final": [1.5125741126421492, 0.0006740397242739338, 2.807782265244515], "view_id": 1, "camera_location": [4.755207538604736, 0.21196120977401733, 0.003703055204823613], "point_pitch": -0.056953712305750415, "camera_rotation_original": [1.5125741126421492, 0.0006740397242739338, 2.807782265244515], "camera_uuid": "0001", "camera_rotation_final_quaternion": [0.12107019126415253, 0.11376184225082397, 0.6767300367355347, 0.717242419719696], "line_of_sight": true, "camera_rotation_from_original_to_final": [0, 0, 0]}