{"point_uuid": "3", "field_of_view_rads": 1.5707963267948966, "point_location": [2.438339948654175, -6.504299640655518, -0.404804527759552], "skybox_img_path": "./img/high/0001_skybox3.jpg", "resolution": 512, "obliqueness_angle": 1.125637412071228, "fixated": false, "point_normal": [0.9970881938934326, 0.07601514458656311, 0.006081817671656609], "camera_distance": 5.518217433924772, "skybox_img": 3, "camera_rotation_final": [1.4833848166968486, 0.01820544228287635, 2.7521239180298607], "view_id": 17, "camera_location": [4.427778720855713, -1.3753606081008911, 0.027445456013083458], "point_pitch": -0.056953712305750415, "camera_rotation_original": [1.4833848166968486, 0.01820544228287635, 2.7521239180298607], "camera_uuid": "0017", "camera_rotation_final_quaternion": [0.14870405197143555, 0.1241302490234375, 0.6640397906303406, 0.722170352935791], "line_of_sight": true, "camera_rotation_from_original_to_final": [0, 0, 0]}