{"point_uuid": "3", "field_of_view_rads": 1.5707963267948966, "point_location": [2.438339948654175, -6.504299640655518, -0.404804527759552], "skybox_img_path": "./img/high/0001_skybox3.jpg", "resolution": 512, "obliqueness_angle": 1.0977575778961182, "fixated": false, "point_normal": [0.9970881938934326, 0.07601514458656311, 0.006081817671656609], "camera_distance": 4.724950007774654, "skybox_img": 3, "camera_rotation_final": [1.468431674487301, 0.026353334068428103, 2.7241014054631143], "view_id": 25, "camera_location": [4.264064311981201, -2.1690213680267334, 0.039316654205322266], "point_pitch": -0.056953712305750415, "camera_rotation_original": [1.468431674487301, 0.026353334068428103, 2.7241014054631143], "camera_uuid": "0025", "camera_rotation_final_quaternion": [0.16246388852596283, 0.12926596403121948, 0.6574306488037109, 0.7243484854698181], "line_of_sight": true, "camera_rotation_from_original_to_final": [0, 0, 0]}