{"point_uuid": "3", "field_of_view_rads": 1.5707963267948966, "point_location": [2.438339948654175, -6.504299640655518, -0.404804527759552], "skybox_img_path": "./img/high/0001_skybox3.jpg", "resolution": 512, "obliqueness_angle": 1.084782600402832, "fixated": false, "point_normal": [0.9970881938934326, 0.07601514458656311, 0.006081817671656609], "camera_distance": 4.429079552296459, "skybox_img": 3, "camera_rotation_final": [1.4627654074985579, 0.029300169653044383, 2.713560447859517], "view_id": 28, "camera_location": [4.202671051025391, -2.466644048690796, 0.04376835376024246], "point_pitch": -0.056953712305750415, "camera_rotation_original": [1.4627654074985579, 0.029300169653044383, 2.713560447859517], "camera_uuid": "0028", "camera_rotation_final_quaternion": [0.1676129698753357, 0.13118311762809753, 0.6549074053764343, 0.725115954875946], "line_of_sight": true, "camera_rotation_from_original_to_final": [0, 0, 0]}