{"point_uuid": "3", "field_of_view_rads": 1.5707963267948966, "point_location": [2.438339948654175, -6.504299640655518, -0.404804527759552], "skybox_img_path": "./img/high/0005_skybox1.jpg", "resolution": 512, "obliqueness_angle": 1.0753504037857056, "fixated": false, "point_normal": [0.9970881938934326, 0.07601514458656311, 0.006081817671656609], "camera_distance": 3.648859557136986, "skybox_img": 1, "camera_rotation_final": [1.481645021885353, 0.030885642002592917, 2.7267482939119487], "view_id": 40, "camera_location": [3.9233522415161133, -3.190722703933716, -0.045467693358659744], "point_pitch": -0.03366832335921721, "camera_rotation_original": [1.481645021885353, 0.030885642002592917, 2.7267482939119487], "camera_uuid": "0040", "camera_rotation_final_quaternion": [0.16214486956596375, 0.1278192400932312, 0.6626966595649719, 0.7198641896247864], "line_of_sight": true, "camera_rotation_from_original_to_final": [0, 0, 0]}