{"point_uuid": "3", "field_of_view_rads": 1.5707963267948966, "point_location": [2.438339948654175, -6.504299640655518, -0.404804527759552], "skybox_img_path": "./img/high/0005_skybox1.jpg", "resolution": 512, "obliqueness_angle": 1.0601674318313599, "fixated": false, "point_normal": [0.9970881938934326, 0.07601514458656311, 0.006081817671656609], "camera_distance": 3.776622713261589, "skybox_img": 1, "camera_rotation_final": [1.4614573991172848, 0.033753226668247205, 2.7038811768034203], "view_id": 36, "camera_location": [4.027707576751709, -3.1048340797424316, 0.019958607852458954], "point_pitch": -0.03366832335921721, "camera_rotation_original": [1.4614573991172848, 0.033753226668247205, 2.7038811768034203], "camera_uuid": "0036", "camera_rotation_final_quaternion": [0.17265276610851288, 0.13261567056179047, 0.6541280746459961, 0.7243759632110596], "line_of_sight": true, "camera_rotation_from_original_to_final": [0, 0, 0]}