{"point_uuid": "3", "field_of_view_rads": 1.5707963267948966, "point_location": [2.438339948654175, -6.504299640655518, -0.404804527759552], "skybox_img_path": "./img/high/0005_skybox1.jpg", "resolution": 512, "obliqueness_angle": 1.063854694366455, "fixated": false, "point_normal": [0.9970881938934326, 0.07601514458656311, 0.006081817671656609], "camera_distance": 3.744526134338641, "skybox_img": 1, "camera_rotation_final": [1.4665105490235648, 0.03307960772045182, 2.709603512535489], "view_id": 37, "camera_location": [4.0016188621521, -3.1263062953948975, 0.0036020316183567047], "point_pitch": -0.03366832335921721, "camera_rotation_original": [1.4665105490235648, 0.03307960772045182, 2.709603512535489], "camera_uuid": "0037", "camera_rotation_final_quaternion": [0.17002937197685242, 0.1314193606376648, 0.6562842130661011, 0.7232634425163269], "line_of_sight": true, "camera_rotation_from_original_to_final": [0, 0, 0]}