{"point_uuid": "3", "field_of_view_rads": 1.5707963267948966, "point_location": [2.438339948654175, -6.504299640655518, -0.404804527759552], "skybox_img_path": "./img/high/0001_skybox3.jpg", "resolution": 512, "obliqueness_angle": 1.136805534362793, "fixated": false, "point_normal": [0.9970881938934326, 0.07601514458656311, 0.006081817671656609], "camera_distance": 5.916598450296557, "skybox_img": 3, "camera_rotation_final": [1.490773517752188, 0.013975444372597456, 2.7660872424996845], "view_id": 13, "camera_location": [4.509635925292969, -0.9785301685333252, 0.02150985598564148], "point_pitch": -0.056953712305750415, "camera_rotation_original": [1.490773517752188, 0.013975444372597456, 2.7660872424996845], "camera_uuid": "0013", "camera_rotation_final_quaternion": [0.1418091207742691, 0.12154997140169144, 0.6672786474227905, 0.7210096716880798], "line_of_sight": true, "camera_rotation_from_original_to_final": [0, 0, 0]}