{"point_uuid": "3", "field_of_view_rads": 1.5707963267948966, "point_location": [2.438339948654175, -6.504299640655518, -0.404804527759552], "skybox_img_path": "./img/high/0001_skybox3.jpg", "resolution": 512, "obliqueness_angle": 1.0800721645355225, "fixated": false, "point_normal": [0.9970881938934326, 0.07601514458656311, 0.006081817671656609], "camera_distance": 4.330703901774225, "skybox_img": 3, "camera_rotation_final": [1.4608696760948208, 0.03026915414952147, 2.710042901732123], "view_id": 29, "camera_location": [4.182207107543945, -2.5658516883850098, 0.04525225609540939], "point_pitch": -0.056953712305750415, "camera_rotation_original": [1.4608696760948208, 0.03026915414952147, 2.710042901732123], "camera_uuid": "0029", "camera_rotation_final_quaternion": [0.16932788491249084, 0.13182103633880615, 0.6540609002113342, 0.7253658771514893], "line_of_sight": true, "camera_rotation_from_original_to_final": [0, 0, 0]}