{"point_uuid": "3", "field_of_view_rads": 1.5707963267948966, "point_location": [2.438339948654175, -6.504299640655518, -0.404804527759552], "skybox_img_path": "./img/high/0001_skybox3.jpg", "resolution": 512, "obliqueness_angle": 1.1610314846038818, "fixated": false, "point_normal": [0.9970881938934326, 0.07601514458656311, 0.006081817671656609], "camera_distance": 7.016191951340653, "skybox_img": 3, "camera_rotation_final": [1.510778821056514, 0.001817050875422499, 2.804318938394135], "view_id": 2, "camera_location": [4.734743118286133, 0.11275359988212585, 0.0051869554445147514], "point_pitch": -0.056953712305750415, "camera_rotation_original": [1.510778821056514, 0.001817050875422499, 2.804318938394135], "camera_uuid": "0002", "camera_rotation_final_quaternion": [0.12280134111642838, 0.11441348493099213, 0.6759577393531799, 0.7175726890563965], "line_of_sight": true, "camera_rotation_from_original_to_final": [0, 0, 0]}