{"point_uuid": "3", "field_of_view_rads": 1.5707963267948966, "point_location": [2.438339948654175, -6.504299640655518, -0.404804527759552], "skybox_img_path": "./img/high/0001_skybox3.jpg", "resolution": 512, "obliqueness_angle": 1.0751476287841797, "fixated": false, "point_normal": [0.9970881938934326, 0.07601514458656311, 0.006081817671656609], "camera_distance": 4.232466443526472, "skybox_img": 3, "camera_rotation_final": [1.4589704900092226, 0.031231465461281527, 2.706523419617637], "view_id": 30, "camera_location": [4.161742687225342, -2.6650593280792236, 0.046736154705286026], "point_pitch": -0.056953712305750415, "camera_rotation_original": [1.4589704900092226, 0.031231465461281527, 2.706523419617637], "camera_uuid": "0030", "camera_rotation_final_quaternion": [0.17104218900203705, 0.13245849311351776, 0.6532117128372192, 0.7256126999855042], "line_of_sight": true, "camera_rotation_from_original_to_final": [0, 0, 0]}