{"point_uuid": "3", "field_of_view_rads": 1.5707963267948966, "point_location": [2.438339948654175, -6.504299640655518, -0.404804527759552], "skybox_img_path": "./img/high/0001_skybox3.jpg", "resolution": 512, "obliqueness_angle": 1.1442526578903198, "fixated": false, "point_normal": [0.9970881938934326, 0.07601514458656311, 0.006081817671656609], "camera_distance": 6.215965652864256, "skybox_img": 3, "camera_rotation_final": [1.496275627762384, 0.010735540553457712, 2.7765385258627444], "view_id": 10, "camera_location": [4.571028709411621, -0.6809072494506836, 0.017058154568076134], "point_pitch": -0.056953712305750415, "camera_rotation_original": [1.496275627762384, 0.010735540553457712, 2.7765385258627444], "camera_uuid": "0010", "camera_rotation_final_quaternion": [0.1366317868232727, 0.11960951238870621, 0.6696789264678955, 0.7201079726219177], "line_of_sight": true, "camera_rotation_from_original_to_final": [0, 0, 0]}