{"point_uuid": "3", "field_of_view_rads": 1.5707963267948966, "point_location": [2.438339948654175, -6.504299640655518, -0.404804527759552], "skybox_img_path": "./img/high/0001_skybox3.jpg", "resolution": 512, "obliqueness_angle": 1.0645973682403564, "fixated": false, "point_normal": [0.9970881938934326, 0.07601514458656311, 0.006081817671656609], "camera_distance": 4.036447021304451, "skybox_img": 3, "camera_rotation_final": [1.4551618342784818, 0.03313600625268731, 2.6994786744990935], "view_id": 32, "camera_location": [4.120814323425293, -2.8634746074676514, 0.04970395565032959], "point_pitch": -0.056953712305750415, "camera_rotation_original": [1.4551618342784818, 0.03313600625268731, 2.6994786744990935], "camera_uuid": "0032", "camera_rotation_final_quaternion": [0.17446865141391754, 0.13373172283172607, 0.651505172252655, 0.7260974645614624], "line_of_sight": true, "camera_rotation_from_original_to_final": [0, 0, 0]}