{"point_uuid": "3", "field_of_view_rads": 1.5707963267948966, "point_location": [2.438339948654175, -6.504299640655518, -0.404804527759552], "skybox_img_path": "./img/high/0005_skybox1.jpg", "resolution": 512, "obliqueness_angle": 1.083393931388855, "fixated": false, "point_normal": [0.9970881938934326, 0.07601514458656311, 0.006081817671656609], "camera_distance": 3.5856290884096036, "skybox_img": 1, "camera_rotation_final": [1.4917122216099958, 0.029279176519943828, 2.7381581858412187], "view_id": 42, "camera_location": [3.8711743354797363, -3.2336668968200684, -0.07818083465099335], "point_pitch": -0.03366832335921721, "camera_rotation_original": [1.4917122216099958, 0.029279176519943828, 2.7381581858412187], "camera_uuid": "0042", "camera_rotation_final_quaternion": [0.15687689185142517, 0.12541000545024872, 0.6669245958328247, 0.7175468802452087], "line_of_sight": true, "camera_rotation_from_original_to_final": [0, 0, 0]}