{"point_uuid": "3", "field_of_view_rads": 1.5707963267948966, "point_location": [2.438339948654175, -6.504299640655518, -0.404804527759552], "skybox_img_path": "./img/high/0005_skybox1.jpg", "resolution": 512, "obliqueness_angle": 1.067613124847412, "fixated": false, "point_normal": [0.9970881938934326, 0.07601514458656311, 0.006081817671656609], "camera_distance": 3.712531554524707, "skybox_img": 1, "camera_rotation_final": [1.471559645719529, 0.03237710932506643, 2.7153222406664694], "view_id": 38, "camera_location": [3.975529909133911, -3.1477785110473633, -0.012754540890455246], "point_pitch": -0.03366832335921721, "camera_rotation_original": [1.471559645719529, 0.03237710932506643, 2.7153222406664694], "camera_uuid": "0038", "camera_rotation_final_quaternion": [0.16740356385707855, 0.1302211582660675, 0.6584310531616211, 0.7221406102180481], "line_of_sight": true, "camera_rotation_from_original_to_final": [0, 0, 0]}