{"point_uuid": "3", "field_of_view_rads": 1.5707963267948966, "point_location": [2.438339948654175, -6.504299640655518, -0.404804527759552], "skybox_img_path": "./img/high/0001_skybox3.jpg", "resolution": 512, "obliqueness_angle": 1.1572024822235107, "fixated": false, "point_normal": [0.9970881938934326, 0.07601514458656311, 0.006081817671656609], "camera_distance": 6.81590929706502, "skybox_img": 3, "camera_rotation_final": [1.5071763966127985, 0.004084376720904004, 2.797386119363154], "view_id": 4, "camera_location": [4.693814754486084, -0.0856616199016571, 0.00815475545823574], "point_pitch": -0.056953712305750415, "camera_rotation_original": [1.5071763966127985, 0.004084376720904004, 2.797386119363154], "camera_uuid": "0004", "camera_rotation_final_quaternion": [0.1262621134519577, 0.11571536213159561, 0.6744046807289124, 0.718224287033081], "line_of_sight": true, "camera_rotation_from_original_to_final": [0, 0, 0]}