{"point_uuid": "3", "field_of_view_rads": 1.5707963267948966, "point_location": [2.438339948654175, -6.504299640655518, -0.404804527759552], "skybox_img_path": "./img/high/0005_skybox1.jpg", "resolution": 512, "obliqueness_angle": 1.0714443922042847, "fixated": false, "point_normal": [0.9970881938934326, 0.07601514458656311, 0.006081817671656609], "camera_distance": 3.6806418867852555, "skybox_img": 1, "camera_rotation_final": [1.4766045245815262, 0.03164577302814919, 2.721037215904979], "view_id": 39, "camera_location": [3.9494409561157227, -3.16925048828125, -0.029111113399267197], "point_pitch": -0.03366832335921721, "camera_rotation_original": [1.4766045245815262, 0.03164577302814919, 2.721037215904979], "camera_uuid": "0039", "camera_rotation_final_quaternion": [0.16477540135383606, 0.12902113795280457, 0.6605685353279114, 0.7210074663162231], "line_of_sight": true, "camera_rotation_from_original_to_final": [0, 0, 0]}