{"point_uuid": "3", "field_of_view_rads": 1.5707963267948966, "point_location": [2.438339948654175, -6.504299640655518, -0.404804527759552], "skybox_img_path": "./img/high/0001_skybox3.jpg", "resolution": 512, "obliqueness_angle": 1.159144401550293, "fixated": false, "point_normal": [0.9970881938934326, 0.07601514458656311, 0.006081817671656609], "camera_distance": 6.916033723511779, "skybox_img": 3, "camera_rotation_final": [1.5089795767296028, 0.002953835657110604, 2.8008535556680947], "view_id": 3, "camera_location": [4.7142791748046875, 0.013545989990234375, 0.006670854985713959], "point_pitch": -0.056953712305750415, "camera_rotation_original": [1.5089795767296028, 0.002953835657110604, 2.8008535556680947], "camera_uuid": "0003", "camera_rotation_final_quaternion": [0.12453200668096542, 0.11506468057632446, 0.675182580947876, 0.7178999781608582], "line_of_sight": true, "camera_rotation_from_original_to_final": [0, 0, 0]}