{"point_uuid": "3", "field_of_view_rads": 1.5707963267948966, "point_location": [2.438339948654175, -6.504299640655518, -0.404804527759552], "skybox_img_path": "./img/high/0001_skybox3.jpg", "resolution": 512, "obliqueness_angle": 1.153144121170044, "fixated": false, "point_normal": [0.9970881938934326, 0.07601514458656311, 0.006081817671656609], "camera_distance": 6.61576774098106, "skybox_img": 3, "camera_rotation_final": [1.5035582973752124, 0.006326658577327171, 2.7904450960318266], "view_id": 6, "camera_location": [4.652885913848877, -0.28407683968544006, 0.01112255547195673], "point_pitch": -0.056953712305750415, "camera_rotation_original": [1.5035582973752124, 0.006326658577327171, 2.7904450960318266], "camera_uuid": "0006", "camera_rotation_final_quaternion": [0.12972085177898407, 0.11701536923646927, 0.6728405356407166, 0.7188640236854553], "line_of_sight": true, "camera_rotation_from_original_to_final": [0, 0, 0]}