{"point_uuid": "3", "field_of_view_rads": 1.5707963267948966, "point_location": [2.438339948654175, -6.504299640655518, -0.404804527759552], "skybox_img_path": "./img/high/0005_skybox1.jpg", "resolution": 512, "obliqueness_angle": 1.0875351428985596, "fixated": false, "point_normal": [0.9970881938934326, 0.07601514458656311, 0.006081817671656609], "camera_distance": 3.5541866934820656, "skybox_img": 1, "camera_rotation_final": [1.4967386013643749, 0.028432936434362288, 2.7438567161521035], "view_id": 43, "camera_location": [3.845085620880127, -3.255139112472534, -0.0945374071598053], "point_pitch": -0.03366832335921721, "camera_rotation_original": [1.4967386013643749, 0.028432936434362288, 2.7438567161521035], "camera_uuid": "0043", "camera_rotation_final_quaternion": [0.15423959493637085, 0.12420275062322617, 0.6690243482589722, 0.7163729667663574], "line_of_sight": true, "camera_rotation_from_original_to_final": [0, 0, 0]}