{"point_uuid": "3", "field_of_view_rads": 1.5707963267948966, "point_location": [2.438339948654175, -6.504299640655518, -0.404804527759552], "skybox_img_path": "./img/high/0001_skybox3.jpg", "resolution": 512, "obliqueness_angle": 1.1465798616409302, "fixated": false, "point_normal": [0.9970881938934326, 0.07601514458656311, 0.006081817671656609], "camera_distance": 6.315850988975888, "skybox_img": 3, "camera_rotation_final": [1.4981020603397748, 0.009642822975590715, 2.780018226135193], "view_id": 9, "camera_location": [4.591493129730225, -0.5816997289657593, 0.015574255958199501], "point_pitch": -0.056953712305750415, "camera_rotation_original": [1.4981020603397748, 0.009642822975590715, 2.780018226135193], "camera_uuid": "0009", "camera_rotation_final_quaternion": [0.1349048614501953, 0.11896169185638428, 0.6704734563827515, 0.7198014259338379], "line_of_sight": true, "camera_rotation_from_original_to_final": [0, 0, 0]}