{"point_uuid": "3", "field_of_view_rads": 1.5707963267948966, "point_location": [2.438339948654175, -6.504299640655518, -0.404804527759552], "skybox_img_path": "./img/high/0001_skybox3.jpg", "resolution": 512, "obliqueness_angle": 1.1055554151535034, "fixated": false, "point_normal": [0.9970881938934326, 0.07601514458656311, 0.006081817671656609], "camera_distance": 4.922741451897343, "skybox_img": 3, "camera_rotation_final": [1.4721915494104805, 0.024355700238667843, 2.731118914527192], "view_id": 23, "camera_location": [4.30499267578125, -1.9706062078475952, 0.036348856985569], "point_pitch": -0.056953712305750415, "camera_rotation_original": [1.4721915494104805, 0.024355700238667843, 2.731118914527192], "camera_uuid": "0023", "camera_rotation_final_quaternion": [0.15902777016162872, 0.1279851496219635, 0.659099280834198, 0.7238218784332275], "line_of_sight": true, "camera_rotation_from_original_to_final": [0, 0, 0]}