{"point_uuid": "8", "field_of_view_rads": 1.5707963267948966, "point_location": [4.428896903991699, -5.45407247543335, -1.4775028228759766], "skybox_img_path": "./img/high/0001_skybox2.jpg", "resolution": 512, "obliqueness_angle": 0.6710629463195801, "fixated": false, "point_normal": [0.012142340652644634, -0.0345710925757885, 0.9993284940719604], "camera_distance": 2.2558264329494953, "skybox_img": 2, "camera_rotation_final": [0.9199730400279811, 0.015273763706424859, 1.5090145798115224], "view_id": 226, "camera_location": [5.753073692321777, -4.995040416717529, 0.29015055298805237], "point_pitch": -0.2511818846079965, "camera_rotation_original": [0.9199730400279811, 0.015273763706424859, 1.5090145798115224], "camera_uuid": "0226", "camera_rotation_final_quaternion": [0.6551793813705444, 0.31875938177108765, 0.3090420067310333, 0.6112490892410278], "line_of_sight": true, "camera_rotation_from_original_to_final": [0, 0, 0]}