{"point_uuid": "8", "field_of_view_rads": 1.5707963267948966, "point_location": [4.428896903991699, -5.45407247543335, -1.4775028228759766], "skybox_img_path": "./img/high/0001_skybox2.jpg", "resolution": 512, "obliqueness_angle": 0.6573381423950195, "fixated": false, "point_normal": [0.012142340652644634, -0.0345710925757885, 0.9993284940719604], "camera_distance": 2.254317803055202, "skybox_img": 2, "camera_rotation_final": [0.9082352682989864, 0.0037572814442627944, 1.451612981743009], "view_id": 228, "camera_location": [5.789274215698242, -5.191566467285156, 0.3008146584033966], "point_pitch": -0.2511818846079965, "camera_rotation_original": [0.9082352682989864, 0.0037572814442627944, 1.451612981743009], "camera_uuid": "0228", "camera_rotation_final_quaternion": [0.6727028489112854, 0.3269880712032318, 0.2924242615699768, 0.5958504676818848], "line_of_sight": true, "camera_rotation_from_original_to_final": [0, 0, 0]}