{"point_uuid": "8", "field_of_view_rads": 1.5707963267948966, "point_location": [4.428896903991699, -5.45407247543335, -1.4775028228759766], "skybox_img_path": "./img/high/0001_skybox2.jpg", "resolution": 512, "obliqueness_angle": 0.7419025897979736, "fixated": false, "point_normal": [0.012142340652644634, -0.0345710925757885, 0.9993284940719604], "camera_distance": 2.335845983747489, "skybox_img": 2, "camera_rotation_final": [0.9520526150533329, 0.04095033780356028, 1.6531581295590914], "view_id": 221, "camera_location": [5.66257381439209, -4.503724575042725, 0.263490229845047], "point_pitch": -0.2511818846079965, "camera_rotation_original": [0.9520526150533329, 0.04095033780356028, 1.6531581295590914], "camera_uuid": "0221", "camera_rotation_final_quaternion": [0.6088606715202332, 0.29696589708328247, 0.3493540585041046, 0.6473419666290283], "line_of_sight": true, "camera_rotation_from_original_to_final": [0, 0, 0]}