{"point_uuid": "8", "field_of_view_rads": 1.5707963267948966, "point_location": [4.428896903991699, -5.45407247543335, -1.4775028228759766], "skybox_img_path": "./img/high/0001_skybox2.jpg", "resolution": 512, "obliqueness_angle": 0.7244774103164673, "fixated": false, "point_normal": [0.012142340652644634, -0.0345710925757885, 0.9993284940719604], "camera_distance": 2.3114161142141207, "skybox_img": 2, "camera_rotation_final": [0.9453435104383195, 0.036189407199834545, 1.6242549540292264], "view_id": 222, "camera_location": [5.680673599243164, -4.601987838745117, 0.2688222825527191], "point_pitch": -0.2511818846079965, "camera_rotation_original": [0.9453435104383195, 0.036189407199834545, 1.6242549540292264], "camera_uuid": "0222", "camera_rotation_final_quaternion": [0.6184031963348389, 0.3014604449272156, 0.34143969416618347, 0.6404045820236206], "line_of_sight": true, "camera_rotation_from_original_to_final": [0, 0, 0]}