{"point_uuid": "8", "field_of_view_rads": 1.5707963267948966, "point_location": [4.428896903991699, -5.45407247543335, -1.4775028228759766], "skybox_img_path": "./img/high/0001_skybox2.jpg", "resolution": 512, "obliqueness_angle": 0.7997735738754272, "fixated": false, "point_normal": [0.012142340652644634, -0.0345710925757885, 0.9993284940719604], "camera_distance": 2.4324699734033284, "skybox_img": 2, "camera_rotation_final": [0.9729757357500949, 0.054041828981203244, 1.7400888580203162], "view_id": 218, "camera_location": [5.608273506164551, -4.208935260772705, 0.24749405682086945], "point_pitch": -0.2511818846079965, "camera_rotation_original": [0.9729757357500949, 0.054041828981203244, 1.7400888580203162], "camera_uuid": "0218", "camera_rotation_final_quaternion": [0.5794308185577393, 0.28309085965156555, 0.3726247549057007, 0.6672857403755188], "line_of_sight": true, "camera_rotation_from_original_to_final": [0, 0, 0]}