{"point_uuid": "8", "field_of_view_rads": 1.5707963267948966, "point_location": [4.428896903991699, -5.45407247543335, -1.4775028228759766], "skybox_img_path": "./img/high/0001_skybox2.jpg", "resolution": 512, "obliqueness_angle": 0.6629727482795715, "fixated": false, "point_normal": [0.012142340652644634, -0.0345710925757885, 0.9993284940719604], "camera_distance": 2.2528513451205177, "skybox_img": 2, "camera_rotation_final": [0.9140213499236111, 0.009599744876541028, 1.4802960928232902], "view_id": 227, "camera_location": [5.77117395401001, -5.093303680419922, 0.2954826056957245], "point_pitch": -0.2511818846079965, "camera_rotation_original": [0.9140213499236111, 0.009599744876541028, 1.4802960928232902], "camera_uuid": "0227", "camera_rotation_final_quaternion": [0.6640148162841797, 0.3229095935821533, 0.30076655745506287, 0.6036167740821838], "line_of_sight": true, "camera_rotation_from_original_to_final": [0, 0, 0]}