{"point_uuid": "8", "field_of_view_rads": 1.5707963267948966, "point_location": [4.428896903991699, -5.45407247543335, -1.4775028228759766], "skybox_img_path": "./img/high/0001_skybox2.jpg", "resolution": 512, "obliqueness_angle": 0.7604283690452576, "fixated": false, "point_normal": [0.012142340652644634, -0.0345710925757885, 0.9993284940719604], "camera_distance": 2.364261215944925, "skybox_img": 2, "camera_rotation_final": [0.9588979976655446, 0.045515409457283384, 1.6820984535344912], "view_id": 220, "camera_location": [5.644473552703857, -4.405461311340332, 0.2581581473350525], "point_pitch": -0.2511818846079965, "camera_rotation_original": [0.9588979976655446, 0.045515409457283384, 1.6820984535344912], "camera_uuid": "0220", "camera_rotation_final_quaternion": [0.5991830229759216, 0.29240548610687256, 0.3571908473968506, 0.6541356444358826], "line_of_sight": true, "camera_rotation_from_original_to_final": [0, 0, 0]}