{"point_uuid": "8", "field_of_view_rads": 1.5707963267948966, "point_location": [4.428896903991699, -5.45407247543335, -1.4775028228759766], "skybox_img_path": "./img/high/0001_skybox2.jpg", "resolution": 512, "obliqueness_angle": 0.6542360782623291, "fixated": false, "point_normal": [0.012142340652644634, -0.0345710925757885, 0.9993284940719604], "camera_distance": 2.2602169180526177, "skybox_img": 2, "camera_rotation_final": [0.9026191475396647, -0.002248618275050074, 1.4229642766233228], "view_id": 229, "camera_location": [5.807374000549316, -5.289829730987549, 0.3061467409133911], "point_pitch": -0.2511818846079965, "camera_rotation_original": [0.9026191475396647, -0.002248618275050074, 1.4229642766233228], "camera_uuid": "0229", "camera_rotation_final_quaternion": [0.6812414526939392, 0.3309939205646515, 0.28401708602905273, 0.5879518985748291], "line_of_sight": true, "camera_rotation_from_original_to_final": [0, 0, 0]}