{"point_uuid": "8", "field_of_view_rads": 1.5707963267948966, "point_location": [4.428896903991699, -5.45407247543335, -1.4775028228759766], "skybox_img_path": "./img/high/0001_skybox2.jpg", "resolution": 512, "obliqueness_angle": 0.9219552278518677, "fixated": false, "point_normal": [0.012142340652644634, -0.0345710925757885, 0.9993284940719604], "camera_distance": 2.7164332066214074, "skybox_img": 2, "camera_rotation_final": [1.0178846640100687, 0.07453032274042215, 1.9148751864410096], "view_id": 212, "camera_location": [5.499673366546631, -3.619356393814087, 0.21550168097019196], "point_pitch": -0.2511818846079965, "camera_rotation_original": [1.0178846640100687, 0.07453032274042215, 1.9148751864410096], "camera_uuid": "0212", "camera_rotation_final_quaternion": [0.517159104347229, 0.2536727786064148, 0.4168877899646759, 0.703136682510376], "line_of_sight": true, "camera_rotation_from_original_to_final": [0, 0, 0]}