{"point_uuid": "8", "field_of_view_rads": 1.5707963267948966, "point_location": [4.428896903991699, -5.45407247543335, -1.4775028228759766], "skybox_img_path": "./img/high/0001_skybox2.jpg", "resolution": 512, "obliqueness_angle": 0.6814689636230469, "fixated": false, "point_normal": [0.012142340652644634, -0.0345710925757885, 0.9993284940719604], "camera_distance": 2.263225857073609, "skybox_img": 2, "camera_rotation_final": [0.9260858348518585, 0.02077444572089715, 1.5377692209322997], "view_id": 225, "camera_location": [5.734973907470703, -4.896777153015137, 0.28481847047805786], "point_pitch": -0.2511818846079965, "camera_rotation_original": [0.9260858348518585, 0.02077444572089715, 1.5377692209322997], "camera_uuid": "0225", "camera_rotation_final_quaternion": [0.646198570728302, 0.31453844904899597, 0.3172488808631897, 0.6187456250190735], "line_of_sight": true, "camera_rotation_from_original_to_final": [0, 0, 0]}