{"point_uuid": "8", "field_of_view_rads": 1.5707963267948966, "point_location": [4.428896903991699, -5.45407247543335, -1.4775028228759766], "skybox_img_path": "./img/high/0001_skybox2.jpg", "resolution": 512, "obliqueness_angle": 0.7084200978279114, "fixated": false, "point_normal": [0.012142340652644634, -0.0345710925757885, 0.9993284940719604], "camera_distance": 2.291099566314584, "skybox_img": 2, "camera_rotation_final": [0.9387759580133875, 0.03123684424987294, 1.5953891131021614], "view_id": 223, "camera_location": [5.6987738609313965, -4.70025110244751, 0.2741543650627136], "point_pitch": -0.2511818846079965, "camera_rotation_original": [0.9387759580133875, 0.03123684424987294, 1.5953891131021614], "camera_uuid": "0223", "camera_rotation_final_quaternion": [0.6278083920478821, 0.30588799715042114, 0.3334495425224304, 0.6333250403404236], "line_of_sight": true, "camera_rotation_from_original_to_final": [0, 0, 0]}