{"point_uuid": "8", "field_of_view_rads": 1.5707963267948966, "point_location": [4.428896903991699, -5.45407247543335, -1.4775028228759766], "skybox_img_path": "./img/high/0001_skybox2.jpg", "resolution": 512, "obliqueness_angle": 0.9414865970611572, "fixated": false, "point_normal": [0.012142340652644634, -0.0345710925757885, 0.9993284940719604], "camera_distance": 2.773585291403618, "skybox_img": 2, "camera_rotation_final": [1.0256947729936265, 0.07716926682081127, 1.94411148591974], "view_id": 211, "camera_location": [5.481573581695557, -3.5210931301116943, 0.21016961336135864], "point_pitch": -0.2511818846079965, "camera_rotation_original": [1.0256947729936265, 0.07716926682081127, 1.94411148591974], "camera_uuid": "0211", "camera_rotation_final_quaternion": [0.5063649415969849, 0.2485661804676056, 0.4239503741264343, 0.7085728645324707], "line_of_sight": true, "camera_rotation_from_original_to_final": [0, 0, 0]}