{"point_uuid": "8", "field_of_view_rads": 1.5707963267948966, "point_location": [4.428896903991699, -5.45407247543335, -1.4775028228759766], "skybox_img_path": "./img/high/0001_skybox2.jpg", "resolution": 512, "obliqueness_angle": 0.8612900376319885, "fixated": false, "point_normal": [0.012142340652644634, -0.0345710925757885, 0.9993284940719604], "camera_distance": 2.5608310148992284, "skybox_img": 2, "camera_rotation_final": [0.9949738698424518, 0.06526583343284664, 1.8273377045145798], "view_id": 215, "camera_location": [5.55397367477417, -3.9141457080841064, 0.2314978688955307], "point_pitch": -0.2511818846079965, "camera_rotation_original": [0.9949738698424518, 0.06526583343284664, 1.8273377045145798], "camera_uuid": "0215", "camera_rotation_final_quaternion": [0.5488432049751282, 0.26865020394325256, 0.3951510488986969, 0.6858963966369629], "line_of_sight": true, "camera_rotation_from_original_to_final": [0, 0, 0]}