{"point_uuid": "8", "field_of_view_rads": 1.5707963267948966, "point_location": [4.428896903991699, -5.45407247543335, -1.4775028228759766], "skybox_img_path": "./img/high/0001_skybox2.jpg", "resolution": 512, "obliqueness_angle": 0.8406983613967896, "fixated": false, "point_normal": [0.012142340652644634, -0.0345710925757885, 0.9993284940719604], "camera_distance": 2.514792689658016, "skybox_img": 2, "camera_rotation_final": [0.9875315011917037, 0.06173797375763135, 1.798220945924456], "view_id": 216, "camera_location": [5.572073459625244, -4.012409210205078, 0.23682992160320282], "point_pitch": -0.2511818846079965, "camera_rotation_original": [0.9875315011917037, 0.06173797375763135, 1.798220945924456], "camera_uuid": "0216", "camera_rotation_final_quaternion": [0.5591639280319214, 0.27352482080459595, 0.3877277970314026, 0.6798433661460876], "line_of_sight": true, "camera_rotation_from_original_to_final": [0, 0, 0]}