{"point_uuid": "8", "field_of_view_rads": 1.5707963267948966, "point_location": [4.428896903991699, -5.45407247543335, -1.4775028228759766], "skybox_img_path": "./img/high/0001_skybox2.jpg", "resolution": 512, "obliqueness_angle": 0.9020249247550964, "fixated": false, "point_normal": [0.012142340652644634, -0.0345710925757885, 0.9993284940719604], "camera_distance": 2.661816990245561, "skybox_img": 2, "camera_rotation_final": [1.010156804676611, 0.07166496152254243, 1.885666329023044], "view_id": 213, "camera_location": [5.517773628234863, -3.7176191806793213, 0.22083373367786407], "point_pitch": -0.2511818846079965, "camera_rotation_original": [1.010156804676611, 0.07166496152254243, 1.885666329023044], "camera_uuid": "0213", "camera_rotation_final_quaternion": [0.527838408946991, 0.25872305035591125, 0.4097326397895813, 0.6975443959236145], "line_of_sight": true, "camera_rotation_from_original_to_final": [0, 0, 0]}