{"point_uuid": "8", "field_of_view_rads": 1.5707963267948966, "point_location": [4.428896903991699, -5.45407247543335, -1.4775028228759766], "skybox_img_path": "./img/high/0001_skybox2.jpg", "resolution": 512, "obliqueness_angle": 0.7797983288764954, "fixated": false, "point_normal": [0.012142340652644634, -0.0345710925757885, 0.9993284940719604], "camera_distance": 2.3965201402403267, "skybox_img": 2, "camera_rotation_final": [0.9658742308808166, 0.04988054626652527, 1.7110755504031603], "view_id": 219, "camera_location": [5.626373767852783, -4.307198524475098, 0.25282609462738037], "point_pitch": -0.2511818846079965, "camera_rotation_original": [0.9658742308808166, 0.04988054626652527, 1.7110755504031603], "camera_uuid": "0219", "camera_rotation_final_quaternion": [0.5893723368644714, 0.28778013586997986, 0.3649483323097229, 0.6607840657234192], "line_of_sight": true, "camera_rotation_from_original_to_final": [0, 0, 0]}