{"point_uuid": "8", "field_of_view_rads": 1.5707963267948966, "point_location": [4.428896903991699, -5.45407247543335, -1.4775028228759766], "skybox_img_path": "./img/high/0001_skybox2.jpg", "resolution": 512, "obliqueness_angle": 0.820137619972229, "fixated": false, "point_normal": [0.012142340652644634, -0.0345710925757885, 0.9993284940719604], "camera_distance": 2.4719497611486902, "skybox_img": 2, "camera_rotation_final": [0.9801967840465936, 0.0579955009062465, 1.7691376311857767], "view_id": 217, "camera_location": [5.590173721313477, -4.1106719970703125, 0.24216198921203613], "point_pitch": -0.2511818846079965, "camera_rotation_original": [0.9801967840465936, 0.0579955009062465, 1.7691376311857767], "camera_uuid": "0217", "camera_rotation_final_quaternion": [0.569360613822937, 0.2783387303352356, 0.380218505859375, 0.6736393570899963], "line_of_sight": true, "camera_rotation_from_original_to_final": [0, 0, 0]}