{"point_uuid": "8", "field_of_view_rads": 1.5707963267948966, "point_location": [4.428896903991699, -5.45407247543335, -1.4775028228759766], "skybox_img_path": "./img/high/0001_skybox2.jpg", "resolution": 512, "obliqueness_angle": 0.8817712664604187, "fixated": false, "point_normal": [0.012142340652644634, -0.0345710925757885, 0.9993284940719604], "camera_distance": 2.6098946379445223, "skybox_img": 2, "camera_rotation_final": [1.002517734147948, 0.06857584566414565, 1.8564866412631407], "view_id": 214, "camera_location": [5.5358734130859375, -3.815882444381714, 0.2261658012866974], "point_pitch": -0.2511818846079965, "camera_rotation_original": [1.002517734147948, 0.06857584566414565, 1.8564866412631407], "camera_uuid": "0214", "camera_rotation_final_quaternion": [0.5384005904197693, 0.2637158930301666, 0.40248650312423706, 0.6917971968650818], "line_of_sight": true, "camera_rotation_from_original_to_final": [0, 0, 0]}