{"point_uuid": "8", "field_of_view_rads": 1.5707963267948966, "point_location": [4.428896903991699, -5.45407247543335, -1.4775028228759766], "skybox_img_path": "./img/high/0001_skybox2.jpg", "resolution": 512, "obliqueness_angle": 0.6939984560012817, "fixated": false, "point_normal": [0.012142340652644634, -0.0345710925757885, 0.9993284940719604], "camera_distance": 2.2750059793205075, "skybox_img": 2, "camera_rotation_final": [0.9323550777320763, 0.02609702033607575, 1.5665606014595463], "view_id": 224, "camera_location": [5.716873645782471, -4.798513889312744, 0.27948641777038574], "point_pitch": -0.2511818846079965, "camera_rotation_original": [0.9323550777320763, 0.02609702033607575, 1.5665606014595463], "camera_uuid": "0224", "camera_rotation_final_quaternion": [0.6370741724967957, 0.3102476894855499, 0.32538536190986633, 0.6261048316955566], "line_of_sight": true, "camera_rotation_from_original_to_final": [0, 0, 0]}